{"accuracy": [0.5559428334236145, 0.8515968322753906, 0.9110747575759888, 0.9369513988494873, 0.9516893029212952, 0.962913453578949, 0.97022545337677, 0.9753040671348572, 0.9778362512588501, 0.9808236956596375], "loss": [1.5202240943908691, 0.47421586513519287, 0.2784275710582733, 0.1953098475933075, 0.14828331768512726, 0.1144675686955452, 0.09317602962255478, 0.07764515280723572, 0.06914869695901871, 0.06036271154880524], "val_accuracy": [0.8190302848815918, 0.9027999043464661, 0.9285226464271545, 0.9276690483093262, 0.9523105025291443, 0.956407904624939, 0.9562941193580627, 0.9624402523040771, 0.9643751382827759, 0.9677327275276184], "val_loss": [0.5884689688682556, 0.30612894892692566, 0.22740571200847626, 0.23537035286426544, 0.15459178388118744, 0.13955806195735931, 0.14132215082645416, 0.12740173935890198, 0.12435155361890793, 0.12012602388858795]}